run_id,t_seconds,config,mitigation,antagonist_active,throughput,claim_p50,claim_p95,claim_p99,e2e_p50,e2e_p95,e2e_p99,n_dead_tup,n_live_tup,table_bytes,index_bytes,queue_depth,oldest_backend_xmin_age,last_autovacuum
M3,0,saturated,M3,false,0.000,0.000,0.000,0.000,0.000,0.000,0.000,0,0,0,0,0,0,
M3,1,saturated,M3,false,1060.000,2.378,9.930,18.330,508.023,919.124,944.338,102,0,3088384,1187840,49960,26,
M3,2,saturated,M3,false,1422.000,1.347,3.007,14.363,1440.757,1890.281,1928.848,2332,30719,6258688,2367488,49940,38,
M3,3,saturated,M3,false,1400.000,1.372,2.374,14.669,2419.006,2858.816,2892.837,4798,51759,6545408,2506752,49960,15,
M3,4,saturated,M3,false,1399.000,1.428,2.240,3.976,3395.452,3827.194,3871.582,7864,53142,6791168,2637824,49960,0,
M3,5,saturated,M3,false,1400.000,1.452,2.135,2.494,4361.744,4794.325,4826.464,10520,54561,7053312,2760704,49970,2,
M3,6,saturated,M3,false,1320.000,1.715,2.616,3.207,5308.019,5754.501,5783.996,13604,55961,7315456,2891776,49980,27,
M3,7,saturated,M3,false,1328.000,1.661,3.294,9.098,6264.250,6694.597,6737.283,16016,57341,7553024,3014656,49962,15,
M3,8,saturated,M3,false,1381.000,1.471,2.452,3.145,7220.478,7669.464,7715.358,18713,58683,7831552,3137536,49811,19,
M3,9,saturated,M3,false,1340.000,1.644,2.548,3.412,8193.028,8633.452,8667.774,21461,60030,8077312,3260416,49980,24,
M3,10,saturated,M3,false,1340.000,1.690,2.466,3.037,9153.307,9601.301,9649.112,24152,61390,8347648,3383296,49581,0,
M3,11,saturated,M3,false,1286.000,1.551,4.739,12.728,10149.510,10578.821,10621.710,26826,62736,8601600,3506176,49354,0,
M3,12,saturated,M3,false,1285.000,1.615,3.324,13.767,11097.318,11552.061,11596.885,29423,64050,8822784,3629056,49886,0,
M3,13,saturated,M3,false,1360.000,1.565,2.792,8.003,12082.337,12519.726,12564.395,32011,65611,9068544,3743744,49320,21,
M3,14,saturated,M3,false,1326.000,1.746,2.434,2.816,13071.221,13493.528,13539.410,34726,66661,9306112,3866624,49314,13,
M3,15,saturated,M3,false,1374.000,1.581,2.369,2.917,14035.404,14484.342,14526.468,37420,67981,9551872,3997696,49320,0,
M3,16,saturated,M3,false,1385.000,1.656,2.642,2.882,15021.040,15460.902,15507.545,40051,69361,9838592,4120576,49317,15,
M3,17,saturated,M3,false,1359.000,1.693,2.835,4.487,16005.456,16449.519,16503.140,42834,70743,10076160,4243456,49329,0,
M3,18,saturated,M3,false,1361.000,1.693,2.643,3.146,16998.386,17430.246,17469.589,45547,72361,10330112,4366336,49306,0,
M3,19,saturated,M3,false,1360.000,1.691,2.721,3.778,17974.670,18406.309,18451.799,48312,73707,10567680,4505600,49320,15,
M3,20,saturated,M3,false,1362.000,1.665,3.047,4.314,18958.200,19411.256,19446.049,51036,75081,10813440,4628480,49320,0,
M3,21,saturated,M3,false,1212.000,1.653,7.163,18.536,19896.133,20395.342,20436.029,53815,76188,11059200,4751360,49488,0,
M3,22,saturated,M3,false,1326.000,1.591,2.981,11.068,20888.402,21320.676,21367.723,56320,77554,11296768,4874240,49380,13,
M3,23,saturated,M3,false,1301.000,1.572,4.007,12.512,21863.793,22278.655,22320.424,58902,78786,11526144,4988928,49359,21,
M3,24,saturated,M3,false,1427.000,1.563,2.397,2.766,22797.006,23242.903,23286.869,61615,80066,11796480,5136384,49339,0,
M3,25,saturated,M3,false,1347.000,1.750,2.611,3.108,23800.741,24237.836,24275.207,64428,81467,12042240,5251072,49348,0,
M3,26,saturated,M3,false,1346.000,1.726,2.613,3.418,24758.400,25217.164,25260.775,67154,82827,12288000,5373952,49373,20,
M3,27,saturated,M3,false,1320.000,1.645,3.065,4.810,25744.241,26188.581,26231.564,69847,84200,12566528,5505024,49380,21,
M3,28,saturated,M3,false,1380.000,1.711,2.643,3.629,26728.055,27170.166,27216.628,72543,85527,12804096,5636096,49378,11,
M3,29,saturated,M3,false,1389.000,1.613,2.913,6.316,27722.688,28149.174,28191.937,75278,86887,13049856,5742592,49325,0,
M3,30,saturated,M3,false,1241.000,1.821,3.105,32.778,28698.323,29126.757,29167.629,78000,88241,13295616,5865472,49400,20,
M3,31,saturated,M3,false,1307.000,1.613,5.141,11.232,29657.597,30095.761,30138.880,80577,89559,13508608,5996544,49395,1,
M3,32,saturated,M3,false,1281.000,1.658,2.962,26.802,30621.503,31076.873,31118.039,83199,90859,13737984,6086656,49421,16,
M3,33,saturated,M3,false,1307.000,1.603,3.195,21.712,31633.182,32058.050,32094.911,85730,92166,13991936,6217728,49380,12,
M3,34,saturated,M3,false,1380.000,1.690,2.873,3.411,32594.372,33039.081,33081.857,88454,93432,14270464,6340608,49380,0,
M3,35,saturated,M3,false,1342.000,1.697,2.705,3.812,33590.730,34021.835,34067.534,91200,94812,14499840,6455296,49380,0,
M3,36,saturated,M3,false,1345.000,1.804,2.799,3.515,34564.929,35020.340,35054.885,93913,96154,14737408,6561792,49391,25,
M3,37,saturated,M3,false,1359.000,1.727,2.688,3.368,35552.111,35993.645,36036.792,96627,97514,15007744,6692864,49400,0,
M3,38,saturated,M3,false,1380.000,1.691,2.712,3.290,36515.793,36971.095,37017.129,99357,98878,15269888,6807552,49400,22,
M3,39,saturated,M3,false,1380.000,1.687,2.947,4.610,36939.873,37169.771,37196.955,102095,100258,15523840,6938624,49359,4,
M3,40,saturated,M3,false,1364.000,1.763,2.801,4.395,36958.279,37169.729,37193.488,104871,101597,15761408,7053312,49386,20,
M3,41,saturated,M3,false,1300.000,1.699,2.843,14.034,37007.276,37254.470,37294.703,107598,102983,16007168,7176192,49424,5,
M3,42,saturated,M3,false,1364.000,1.431,2.808,18.189,37043.534,37275.434,37297.871,110246,104322,16179200,7274496,49417,3,
M3,43,saturated,M3,false,1320.000,1.672,2.648,10.710,37100.217,37323.321,37349.200,112951,105683,16490496,7413760,49420,0,
M3,44,saturated,M3,false,1358.000,1.732,2.391,2.615,37074.147,37298.673,37321.522,115681,107517,16719872,7528448,49440,20,
M3,45,saturated,M3,false,1282.000,1.747,2.856,3.471,37109.288,37323.191,37355.289,118349,108621,16982016,7651328,49421,6,
M3,46,saturated,M3,false,1401.000,1.536,2.370,2.968,37115.199,37323.124,37353.527,120977,109902,17227776,7774208,49379,0,
M3,47,saturated,M3,false,1360.000,1.587,2.977,4.884,37082.375,37293.991,37309.308,123655,111006,17481728,7897088,49420,23,
M3,48,saturated,M3,false,1341.000,1.752,2.549,3.240,37055.448,37273.540,37294.542,126387,112407,17752064,8019968,49440,15,
M3,49,saturated,M3,false,1336.000,1.854,2.529,3.575,37030.883,37249.518,37272.479,129076,113768,17973248,8134656,49427,0,
M3,50,saturated,M3,false,1304.000,1.803,2.756,3.165,37002.136,37229.532,37248.929,131757,115343,18243584,8249344,49460,18,
M3,51,saturated,M3,false,1264.000,1.791,2.843,13.955,37039.680,37278.952,37308.553,134378,116428,18464768,8364032,49496,2,
M3,52,saturated,M3,false,1368.000,1.425,3.675,7.858,37079.203,37294.033,37341.796,136955,117728,18726912,8486912,49412,0,
M3,53,saturated,M3,false,1340.000,1.603,2.495,14.794,37104.768,37317.871,37334.363,139635,119012,18964480,8609792,49439,0,
M3,54,saturated,M3,false,1362.000,1.731,2.502,3.245,37094.547,37324.865,37339.580,142393,121059,19202048,8732672,49459,23,
M3,55,saturated,M3,false,1383.000,1.683,2.459,3.055,37102.896,37311.440,37339.673,145136,122682,19447808,8855552,49417,0,
M3,56,saturated,M3,false,1380.000,1.652,2.821,7.097,37084.898,37304.259,37343.166,147907,123825,19693568,8970240,49440,0,
M3,57,saturated,M3,false,1361.000,1.797,2.575,3.095,37083.321,37301.541,37327.849,150543,125185,19955712,9101312,49439,1,
M3,58,saturated,M3,false,1340.000,1.777,2.538,3.161,37078.342,37290.546,37306.554,153281,126546,20201472,9216000,49464,20,
M3,59,saturated,M3,false,1340.000,1.830,2.742,3.322,36997.863,37211.507,37237.437,155985,127886,20447232,9338880,49480,20,
M3,60,saturated,M3,false,1360.000,1.658,2.657,3.311,36959.081,37180.550,37211.188,158688,129246,20676608,9461760,49460,6,
M3,61,saturated,M3,false,1307.000,1.369,2.886,19.164,36956.843,37217.050,37260.395,2636,131220,20791296,9568256,49515,13,2026-08-02T20:26:33.839467Z
M3,62,saturated,M3,false,1281.000,1.573,3.344,21.893,37041.653,37263.864,37304.883,5232,132527,20987904,9658368,49479,18,2026-08-02T20:26:33.839467Z
M3,63,saturated,M3,false,1302.000,1.550,2.870,20.529,37122.618,37327.519,37346.800,7767,133768,21135360,9756672,49480,5,2026-08-02T20:26:33.839467Z
M3,64,saturated,M3,false,1341.000,1.610,2.426,14.570,37101.293,37311.119,37337.190,10456,135366,21430272,9863168,49460,1,2026-08-02T20:26:33.839467Z
M3,65,saturated,M3,false,1340.000,1.609,2.498,3.043,37102.336,37319.639,37339.964,13148,136726,21635072,9986048,49480,20,2026-08-02T20:26:33.839467Z
M3,66,saturated,M3,false,1349.000,1.662,2.303,2.861,37106.431,37327.105,37343.919,15872,137811,21954560,10117120,49500,0,2026-08-02T20:26:33.839467Z
M3,67,saturated,M3,false,1353.000,1.735,2.439,2.875,37094.739,37306.311,37334.891,18574,139154,22118400,10240000,49480,0,2026-08-02T20:26:33.839467Z
M3,68,saturated,M3,false,1360.000,1.693,2.290,2.650,37040.181,37262.910,37292.462,21297,140513,22446080,10371072,49500,0,2026-08-02T20:26:33.839467Z
M3,69,saturated,M3,false,1320.000,1.703,2.313,2.617,37007.082,37217.012,37251.922,24010,141873,22609920,10502144,49500,11,2026-08-02T20:26:33.839467Z
M3,70,saturated,M3,false,1343.000,1.697,2.568,6.228,36982.400,37188.531,37205.104,26658,143194,22904832,10625024,49489,0,2026-08-02T20:26:33.839467Z
M3,71,saturated,M3,false,1378.000,1.251,2.798,14.873,36946.650,37179.465,37197.026,29467,144576,23109632,10756096,49540,19,2026-08-02T20:26:33.839467Z
M3,72,saturated,M3,false,1181.000,1.713,4.620,50.517,36989.995,37275.288,37322.168,31891,144576,23298048,10854400,49580,19,2026-08-02T20:26:33.839467Z
M3,73,saturated,M3,false,1283.000,1.665,2.959,11.246,37138.512,37344.975,37367.974,34229,145934,23592960,10985472,49520,20,2026-08-02T20:26:33.839467Z
M3,74,saturated,M3,false,1364.000,1.628,2.424,3.437,37147.108,37355.479,37376.155,36871,147738,23846912,11116544,49478,2,2026-08-02T20:26:33.839467Z
M3,75,saturated,M3,false,1347.000,1.679,2.653,3.139,37141.724,37352.718,37382.332,39588,149060,24100864,11239424,49519,0,2026-08-02T20:26:33.839467Z
M3,76,saturated,M3,false,1363.000,1.584,2.568,3.915,37138.106,37353.532,37380.079,31415,65661,8929280,3579904,49501,4,2026-08-02T20:26:33.839467Z
M3,77,saturated,M3,false,1350.000,1.611,2.654,3.363,37157.020,37375.567,37404.940,34156,67021,9191424,3702784,49523,19,2026-08-02T20:26:33.839467Z
M3,78,saturated,M3,false,1340.000,1.717,2.821,3.877,37154.399,37384.145,37405.371,36874,68384,9428992,3825664,49540,0,2026-08-02T20:26:33.839467Z
M3,79,saturated,M3,false,1400.000,1.630,2.595,4.714,37119.223,37342.252,37384.526,39587,69741,9682944,3956736,49509,15,2026-08-02T20:26:33.839467Z
M3,80,saturated,M3,false,1362.000,1.612,2.593,3.610,37103.532,37311.356,37336.336,42375,71101,9920512,4087808,49527,19,2026-08-02T20:26:33.839467Z
M3,81,saturated,M3,false,1307.000,1.491,3.646,16.197,37128.880,37336.951,37365.861,45137,72488,10133504,4202496,49557,19,2026-08-02T20:26:33.839467Z
M3,82,saturated,M3,false,1327.000,1.498,3.495,11.192,37123.246,37334.635,37350.164,47760,73828,10403840,4341760,49520,14,2026-08-02T20:26:33.839467Z
M3,83,saturated,M3,false,1383.000,1.453,2.987,7.524,37092.471,37301.528,37323.627,50442,75372,10633216,4464640,49539,20,2026-08-02T20:26:33.839467Z
M3,84,saturated,M3,false,1360.000,1.661,2.561,3.389,37105.593,37325.714,37349.092,53221,76520,10895360,4603904,49559,0,2026-08-02T20:26:33.839467Z
M3,85,saturated,M3,false,1360.000,1.578,2.256,2.880,37112.491,37333.210,37348.778,55943,78154,11141120,4734976,49540,0,2026-08-02T20:26:33.839467Z
M3,86,saturated,M3,false,1360.000,1.589,2.461,3.120,37091.775,37306.187,37331.755,58678,79240,11395072,4866048,49540,21,2026-08-02T20:26:33.839467Z
M3,87,saturated,M3,false,1340.000,1.518,3.023,8.439,37079.590,37301.003,37330.755,61382,80600,11665408,5005312,49560,21,2026-08-02T20:26:33.839467Z
M3,88,saturated,M3,false,1367.000,1.498,3.266,5.765,37029.495,37244.178,37283.476,64142,82215,11886592,5120000,49580,1,2026-08-02T20:26:33.839467Z
M3,89,saturated,M3,false,1320.000,1.685,2.993,3.919,36981.133,37199.420,37228.726,66842,83347,12181504,5267456,49580,3,2026-08-02T20:26:33.839467Z
M3,90,saturated,M3,false,1261.000,1.918,3.746,12.094,37034.670,37257.950,37289.878,69465,84667,12427264,5373952,49599,16,2026-08-02T20:26:33.839467Z
M3,91,saturated,M3,false,1283.000,1.635,4.517,17.598,37117.079,37331.935,37375.190,72072,85947,12681216,5496832,49570,21,2026-08-02T20:26:33.839467Z
M3,92,saturated,M3,false,1235.000,1.671,2.963,19.352,37172.239,37380.003,37397.424,74601,87201,12926976,5611520,49579,3,2026-08-02T20:26:33.839467Z
M3,93,saturated,M3,false,1329.000,1.534,2.736,8.660,37238.380,37463.295,37493.152,77109,88688,13131776,5726208,49580,21,2026-08-02T20:26:33.839467Z
M3,94,saturated,M3,false,1328.000,1.677,2.973,3.802,37270.901,37487.491,37515.229,79808,89775,13393920,5840896,49600,21,2026-08-02T20:26:33.839467Z
M3,95,saturated,M3,false,1252.000,1.878,4.887,8.641,37335.358,37568.375,37589.503,82371,91115,13623296,5955584,49600,1,2026-08-02T20:26:33.839467Z
M3,96,saturated,M3,false,1343.000,1.816,3.030,3.685,37353.530,37583.418,37600.745,85002,92375,13901824,6086656,49595,22,2026-08-02T20:26:33.839467Z
M3,97,saturated,M3,false,1386.000,1.564,2.606,3.519,37359.218,37582.243,37608.495,87710,93968,14123008,6201344,49560,21,2026-08-02T20:26:33.839467Z
M3,98,saturated,M3,false,1280.000,1.707,4.082,12.677,37383.226,37610.941,37639.306,90378,95319,14409728,6316032,49618,21,2026-08-02T20:26:33.839467Z
M3,99,saturated,M3,false,1390.000,1.593,2.566,3.209,37360.431,37571.974,37587.703,93070,96895,14671872,6438912,49571,1,2026-08-02T20:26:33.839467Z
M3,100,saturated,M3,false,1321.000,1.675,2.570,3.841,37257.829,37471.778,37495.088,95865,98257,14942208,6569984,49620,2,2026-08-02T20:26:33.839467Z
M3,101,saturated,M3,false,1266.000,1.775,3.417,22.760,37285.161,37494.876,37545.094,98507,99370,15179776,6692864,49618,0,2026-08-02T20:26:33.839467Z
M3,102,saturated,M3,false,1260.000,1.571,3.864,17.531,37338.819,37599.232,37626.632,101015,100634,15409152,6807552,49600,16,2026-08-02T20:26:33.839467Z
M3,103,saturated,M3,false,1325.000,1.526,2.134,9.909,37392.680,37617.608,37633.135,103591,102132,15654912,6922240,49620,20,2026-08-02T20:26:33.839467Z
M3,104,saturated,M3,false,1320.000,1.748,2.457,2.938,37416.783,37635.663,37651.711,106244,102966,15892480,7036928,49631,3,2026-08-02T20:26:33.839467Z
M3,105,saturated,M3,false,1340.000,1.524,2.102,2.864,37432.049,37645.939,37662.383,108902,104286,16154624,7151616,49620,0,2026-08-02T20:26:33.839467Z
M3,106,saturated,M3,false,1360.000,1.549,2.316,2.887,37432.510,37653.024,37681.568,111627,105626,16424960,7274496,49620,18,2026-08-02T20:26:33.839467Z
M3,107,saturated,M3,false,1367.000,1.535,2.962,4.003,37397.002,37618.284,37650.964,114378,106986,16662528,7405568,49640,0,2026-08-02T20:26:33.839467Z
M3,108,saturated,M3,false,1340.000,1.698,2.263,2.446,37394.908,37614.604,37657.514,117104,108373,16924672,7520256,49622,1,2026-08-02T20:26:33.839467Z
M3,109,saturated,M3,false,1340.000,1.657,2.244,2.423,37423.033,37641.459,37671.761,119780,109695,17186816,7643136,49620,0,2026-08-02T20:26:33.839467Z
M3,110,saturated,M3,false,1340.000,1.700,2.331,2.528,37311.588,37520.495,37558.179,122336,111033,17416192,7757824,49620,22,2026-08-02T20:26:33.839467Z
M3,111,saturated,M3,false,1316.000,1.438,2.976,29.134,37262.925,37473.024,37526.876,125044,112373,17653760,7880704,49620,1,2026-08-02T20:26:33.839467Z
M3,112,saturated,M3,false,1325.000,1.644,2.560,7.201,37271.734,37506.280,37537.602,127708,113689,17891328,8003584,49634,1,2026-08-02T20:26:33.839467Z
M3,113,saturated,M3,false,1315.000,1.492,4.255,21.363,37334.603,37570.115,37601.922,130294,115525,18145280,8118272,49635,4,2026-08-02T20:26:33.839467Z
M3,114,saturated,M3,false,1367.000,1.660,2.585,3.121,37315.057,37546.842,37564.260,133073,116599,18407424,8241152,49660,21,2026-08-02T20:26:33.839467Z
M3,115,saturated,M3,false,1351.000,1.736,3.410,5.104,37329.993,37559.934,37576.578,135757,117736,18595840,8331264,49631,9,2026-08-02T20:26:33.839467Z
M3,116,saturated,M3,false,1356.000,1.675,3.000,4.020,37327.500,37545.342,37573.343,138491,119058,18898944,8470528,49660,1,2026-08-02T20:26:33.839467Z
M3,117,saturated,M3,false,1327.000,1.763,2.604,3.831,37347.720,37573.405,37601.121,141195,120429,19169280,8601600,49660,1,2026-08-02T20:26:33.839467Z
M3,118,saturated,M3,false,1284.000,1.832,3.124,3.882,37400.265,37620.736,37659.755,143722,121770,19324928,8699904,49679,20,2026-08-02T20:26:33.839467Z
M3,119,saturated,M3,false,1181.000,1.937,5.447,24.472,37497.090,37741.523,37770.959,146210,123581,19652608,8822784,49659,19,2026-08-02T20:26:33.839467Z
M3,120,saturated,M3,false,1308.000,1.769,3.074,3.693,37529.229,37755.134,37785.842,148668,124478,19890176,8945664,49660,323,2026-08-02T20:26:33.839467Z
M3,121,saturated,M3,false,1287.000,1.552,3.900,17.269,37588.977,37789.757,37806.930,2788,126397,20045824,9043968,49633,0,2026-08-02T20:27:33.831388Z
M3,122,saturated,M3,false,1346.000,1.491,2.523,11.318,37624.902,37833.359,37852.114,5410,127657,20201472,9142272,49636,2,2026-08-02T20:27:33.831388Z
M3,123,saturated,M3,false,1343.000,1.523,2.449,8.950,37619.144,37833.030,37851.202,8139,129179,20357120,9232384,49662,31,2026-08-02T20:27:33.831388Z
M3,124,saturated,M3,false,1320.000,1.731,2.608,3.609,37631.593,37848.781,37866.633,10842,130375,20660224,9330688,49680,1,2026-08-02T20:27:33.831388Z
M3,125,saturated,M3,false,1360.000,1.620,2.874,3.425,37662.926,37885.075,37904.271,13507,131713,20848640,9461760,49660,37,2026-08-02T20:27:33.831388Z
M3,126,saturated,M3,false,1280.000,1.897,3.511,4.395,37667.171,37898.166,37928.483,15800,133053,21168128,9576448,49700,1,2026-08-02T20:27:33.831388Z
M3,127,saturated,M3,false,1361.000,1.685,2.658,3.245,37692.855,37926.608,37944.477,18441,134524,21372928,9699328,49675,0,2026-08-02T20:27:33.831388Z
M3,128,saturated,M3,false,1322.000,1.713,2.345,4.546,37660.988,37872.333,37899.161,21151,135696,21651456,9830400,49700,0,2026-08-02T20:27:33.831388Z
M3,129,saturated,M3,false,1340.000,1.728,2.542,3.264,37616.317,37831.489,37876.478,23825,137056,21913600,9953280,49680,0,2026-08-02T20:27:33.831388Z
M3,130,saturated,M3,false,1360.000,1.638,2.454,3.059,37516.397,37734.168,37807.893,26525,138545,22126592,10084352,49680,19,2026-08-02T20:27:33.831388Z
M3,131,saturated,M3,false,1244.000,1.646,2.912,14.678,37542.694,37739.189,37782.126,29196,139890,22380544,10199040,49680,0,2026-08-02T20:27:33.831388Z
M3,132,saturated,M3,false,1165.000,1.676,11.457,19.218,37575.282,37772.906,37796.192,31712,141169,22577152,10330112,49721,0,2026-08-02T20:27:33.831388Z
M3,133,saturated,M3,false,1341.000,1.534,2.567,8.849,37631.962,37840.794,37860.318,34118,142550,22839296,10452992,49700,2,2026-08-02T20:27:33.831388Z
M3,134,saturated,M3,false,1320.000,1.744,2.363,4.478,37623.945,37842.335,37871.109,36667,143673,23052288,10575872,49700,0,2026-08-02T20:27:33.831388Z
M3,135,saturated,M3,false,1324.000,1.687,2.485,8.610,37640.733,37862.846,37880.483,39339,144995,23306240,10698752,49720,6,2026-08-02T20:27:33.831388Z
M3,136,saturated,M3,false,1342.000,1.647,2.329,2.546,37651.299,37861.329,37887.427,30649,66441,8937472,3547136,49698,0,2026-08-02T20:27:33.831388Z
M3,137,saturated,M3,false,1320.000,1.697,2.348,3.204,37642.737,37871.171,37894.139,33325,67763,9166848,3686400,49720,20,2026-08-02T20:27:33.831388Z
M3,138,saturated,M3,false,1340.000,1.666,2.449,2.801,37695.149,37917.561,37946.444,36018,69123,9445376,3809280,49720,20,2026-08-02T20:27:33.831388Z
M3,139,saturated,M3,false,1340.000,1.690,2.404,2.923,37653.752,37869.007,37912.874,38700,70443,9674752,3932160,49720,21,2026-08-02T20:27:33.831388Z
M3,140,saturated,M3,false,1340.000,1.596,2.375,3.051,37590.036,37818.078,37863.511,41390,71783,9945088,4055040,49720,0,2026-08-02T20:27:33.831388Z
M3,141,saturated,M3,false,1250.000,1.603,4.522,14.734,37571.179,37773.641,37796.119,43920,73123,10158080,4177920,49700,0,2026-08-02T20:27:33.831388Z
M3,142,saturated,M3,false,1340.000,1.423,2.797,9.400,37607.437,37815.724,37842.065,46472,74393,10403840,4300800,49700,0,2026-08-02T20:27:33.831388Z
M3,143,saturated,M3,false,1282.000,1.505,3.405,12.342,37620.572,37840.302,37877.252,49107,75695,10649600,4423680,49740,2,2026-08-02T20:27:33.831388Z
M3,144,saturated,M3,false,1340.000,1.558,2.139,2.379,37649.452,37878.957,37895.249,51753,77015,10895360,4554752,49740,20,2026-08-02T20:27:33.831388Z
M3,145,saturated,M3,false,1340.000,1.627,2.170,2.488,37678.664,37901.518,37932.866,54450,78610,11165696,4685824,49740,0,2026-08-02T20:27:33.831388Z
M3,146,saturated,M3,false,1360.000,1.618,2.347,3.133,37677.680,37900.781,37920.643,57135,79695,11362304,4825088,49720,2,2026-08-02T20:27:33.831388Z
M3,147,saturated,M3,false,1322.000,1.602,2.926,3.736,37667.435,37879.708,37912.162,59856,81057,11640832,4939776,49740,21,2026-08-02T20:27:33.831388Z
M3,148,saturated,M3,false,1340.000,1.698,2.746,3.346,37658.796,37879.687,37902.653,62560,82672,11911168,5079040,49760,18,2026-08-02T20:27:33.831388Z
M3,149,saturated,M3,false,1320.000,1.732,3.336,5.165,37664.919,37892.215,37922.190,65241,84248,12181504,5210112,49760,20,2026-08-02T20:27:33.831388Z
M3,150,saturated,M3,false,1367.000,1.602,2.634,3.410,37661.410,37877.850,37916.871,67910,85314,12451840,5316608,49735,1,2026-08-02T20:27:33.831388Z
M3,151,saturated,M3,false,1261.000,1.502,3.025,15.151,37648.144,37865.190,37932.852,70560,87005,12656640,5447680,49740,0,2026-08-02T20:27:33.831388Z
M3,152,saturated,M3,false,1340.000,1.520,3.259,9.684,37699.882,37925.665,37967.616,73031,88196,12951552,5562368,49740,20,2026-08-02T20:27:33.831388Z
M3,153,saturated,M3,false,1321.000,1.556,2.460,17.063,37703.474,37941.933,37969.468,75819,89241,13180928,5685248,49760,1,2026-08-02T20:27:33.831388Z
M3,154,saturated,M3,false,1300.000,1.491,2.189,18.161,37732.032,37964.283,37994.706,78375,90366,13434880,5799936,49760,1,2026-08-02T20:27:33.831388Z
M3,155,saturated,M3,false,1340.000,1.665,2.362,3.362,37764.184,37993.308,38012.205,81004,91646,13656064,5914624,49760,20,2026-08-02T20:27:33.831388Z
M3,156,saturated,M3,false,1340.000,1.644,2.502,2.824,37735.580,37954.508,37982.837,83705,92986,13901824,6045696,49760,11,2026-08-02T20:27:33.831388Z
M3,157,saturated,M3,false,1321.000,1.700,2.476,2.920,37645.739,37906.064,37935.842,86265,94346,14139392,6160384,49779,19,2026-08-02T20:27:33.831388Z
M3,158,saturated,M3,false,1359.000,1.648,2.433,2.841,37586.245,37805.478,37824.511,88937,95666,14393344,6275072,49780,1,2026-08-02T20:27:33.831388Z
M3,159,saturated,M3,false,1340.000,1.649,2.413,4.245,37544.340,37766.467,37811.701,91658,97026,14630912,6389760,49780,22,2026-08-02T20:27:33.831388Z
M3,160,saturated,M3,false,1321.000,1.687,2.490,3.435,37536.776,37756.217,37776.294,94331,98366,14917632,6520832,49779,17,2026-08-02T20:27:33.831388Z
M3,161,saturated,M3,false,1280.000,1.566,3.650,7.230,37574.187,37780.671,37812.676,96968,99922,15138816,6635520,49760,16,2026-08-02T20:27:33.831388Z
M3,162,saturated,M3,false,1301.000,1.472,3.288,9.473,37604.345,37825.491,37867.053,99553,101222,15384576,6750208,49780,20,2026-08-02T20:27:33.831388Z
M3,163,saturated,M3,false,1365.000,1.503,2.614,10.103,37607.391,37834.110,37866.921,102210,102293,15589376,6856704,49780,21,2026-08-02T20:27:33.831388Z
M3,164,saturated,M3,false,1365.000,1.633,2.452,4.802,37587.136,37808.987,37840.187,104953,103653,15843328,6979584,49800,1,2026-08-02T20:27:33.831388Z
M3,165,saturated,M3,false,1368.000,1.547,2.419,3.512,37549.823,37777.920,37794.257,107546,105018,16121856,7118848,49783,7,2026-08-02T20:27:33.831388Z
M3,166,saturated,M3,false,1380.000,1.470,2.131,2.586,37539.668,37761.112,37776.295,110296,106406,16375808,7241728,49780,1,2026-08-02T20:27:33.831388Z
M3,167,saturated,M3,false,1320.000,1.639,2.560,2.936,37496.738,37722.318,37741.798,113056,107766,16629760,7356416,49800,23,2026-08-02T20:27:33.831388Z
M3,168,saturated,M3,false,1360.000,1.636,2.475,3.018,37516.640,37733.015,37755.958,115738,109106,16834560,7479296,49800,12,2026-08-02T20:27:33.831388Z
M3,169,saturated,M3,false,1320.000,1.670,2.560,3.420,37481.917,37699.961,37737.240,118439,110446,17121280,7593984,49820,1,2026-08-02T20:27:33.831388Z
M3,170,saturated,M3,false,1360.000,1.569,2.298,2.963,37321.565,37540.633,37582.448,121139,112061,17383424,7725056,49800,21,2026-08-02T20:27:33.831388Z
M3,171,saturated,M3,false,1371.000,1.487,2.533,14.130,37310.954,37538.739,37556.688,123846,113146,17629184,7856128,49800,20,2026-08-02T20:27:33.831388Z
M3,172,saturated,M3,false,1321.000,1.468,2.600,13.759,37282.659,37513.402,37542.060,126581,114517,17883136,7970816,49820,13,2026-08-02T20:27:33.831388Z
M3,173,saturated,M3,false,1340.000,1.457,2.324,12.790,37289.609,37515.394,37543.267,129252,115838,18112512,8085504,49820,22,2026-08-02T20:27:33.831388Z
M3,174,saturated,M3,false,1320.000,1.674,2.283,2.656,37284.895,37505.425,37519.395,131938,117434,18374656,8208384,49840,1,2026-08-02T20:27:33.831388Z
M3,175,saturated,M3,false,1375.000,1.543,2.120,2.335,37283.935,37509.651,37525.033,134624,118518,18579456,8323072,49839,2,2026-08-02T20:27:33.831388Z
M3,176,saturated,M3,false,1309.000,1.655,2.584,3.266,37265.960,37486.283,37502.110,137366,118518,18808832,8429568,49856,37,2026-08-02T20:27:33.831388Z
M3,177,saturated,M3,false,1396.000,1.573,2.357,2.648,37244.036,37478.504,37496.177,139924,119898,19062784,8552448,49853,21,2026-08-02T20:27:33.831388Z
M3,178,saturated,M3,false,1321.000,1.652,2.320,3.350,37239.978,37455.963,37470.484,142684,122619,19324928,8675328,49860,21,2026-08-02T20:27:33.831388Z
M3,179,saturated,M3,false,1246.000,1.619,3.739,29.613,37202.108,37453.202,37481.237,145334,122619,19562496,8790016,49860,40,2026-08-02T20:27:33.831388Z
M3,180,saturated,M3,false,1340.000,1.637,2.373,3.611,37237.275,37463.484,37481.917,401,124103,19849216,8937472,49860,46,2026-08-02T20:28:33.822559Z
M3,181,saturated,M3,false,1340.000,1.457,2.611,10.850,37205.198,37439.416,37462.090,3117,126009,19996672,9035776,49847,1,2026-08-02T20:28:33.822559Z
M3,182,saturated,M3,false,1321.000,1.504,2.881,10.610,37210.431,37441.601,37460.047,5788,127330,20152320,9125888,49860,14,2026-08-02T20:28:33.822559Z
M3,183,saturated,M3,false,1306.000,1.621,4.458,13.561,37233.003,37469.993,37484.032,8436,128670,20275200,9207808,49860,1,2026-08-02T20:28:33.822559Z
M3,184,saturated,M3,false,1324.000,1.693,2.567,6.056,37265.344,37482.434,37504.008,11071,129976,20635648,9322496,49880,18,2026-08-02T20:28:33.822559Z
M3,185,saturated,M3,false,1360.000,1.532,2.236,2.657,37264.973,37476.701,37507.288,13769,131320,20824064,9453568,49860,1,2026-08-02T20:28:33.822559Z
M3,186,saturated,M3,false,1362.000,1.634,2.443,3.410,37239.488,37458.430,37486.116,16524,132660,21118976,9576448,49866,21,2026-08-02T20:28:33.822559Z
M3,187,saturated,M3,false,1340.000,1.682,2.619,3.847,37219.107,37438.082,37465.126,19239,134028,21348352,9715712,49860,21,2026-08-02T20:28:33.822559Z
M3,188,saturated,M3,false,1333.000,1.696,2.322,3.703,37215.247,37431.686,37463.147,21923,135362,21618688,9830400,49896,10,2026-08-02T20:28:33.822559Z
M3,189,saturated,M3,false,1378.000,1.529,2.473,2.979,37165.108,37381.746,37409.897,24629,136726,21856256,9969664,49880,22,2026-08-02T20:28:33.822559Z
M3,190,saturated,M3,false,1320.000,1.839,2.723,3.881,37135.644,37366.530,37388.919,27363,138093,22102016,10092544,49880,1,2026-08-02T20:28:33.822559Z
M3,191,saturated,M3,false,1303.000,1.598,3.116,13.011,37173.111,37404.969,37436.188,30018,139413,22372352,10215424,49880,17,2026-08-02T20:28:33.822559Z
M3,192,saturated,M3,false,1219.000,1.562,6.346,20.438,37162.014,37419.085,37470.262,32631,140716,22568960,10330112,49900,0,2026-08-02T20:28:33.822559Z
M3,193,saturated,M3,false,1400.000,1.365,2.356,8.545,37194.753,37427.913,37467.246,35018,141955,22814720,10469376,49900,19,2026-08-02T20:28:33.822559Z
M3,194,saturated,M3,false,1340.000,1.700,2.490,3.076,37189.977,37413.451,37435.006,37795,143355,23052288,10600448,49900,19,2026-08-02T20:28:33.822559Z
M3,195,saturated,M3,false,1340.000,1.532,2.248,11.421,37170.916,37390.442,37419.898,40515,144950,23339008,10723328,49900,15,2026-08-02T20:28:33.822559Z
M3,196,saturated,M3,false,1340.000,1.642,2.689,6.064,37186.936,37408.702,37438.254,32022,66742,8978432,3620864,49914,21,2026-08-02T20:28:33.822559Z
M3,197,saturated,M3,false,1380.000,1.606,2.461,2.861,37169.316,37400.311,37431.290,34741,68613,9240576,3743744,49900,8,2026-08-02T20:28:33.822559Z
M3,198,saturated,M3,false,1342.000,1.631,2.442,3.180,37128.801,37356.423,37387.700,37495,69717,9469952,3874816,49920,1,2026-08-02T20:28:33.822559Z
M3,199,saturated,M3,false,1361.000,1.581,2.929,4.732,37088.190,37297.898,37326.942,40213,71079,9715712,3989504,49925,1,2026-08-02T20:28:33.822559Z
M3,200,saturated,M3,false,1322.000,1.726,2.717,4.790,37070.014,37295.698,37323.055,42910,72182,9953280,4120576,49916,1,2026-08-02T20:28:33.822559Z
M3,201,saturated,M3,false,1330.000,1.441,2.533,15.646,37095.381,37314.094,37366.200,45592,73760,10256384,4268032,49908,1,2026-08-02T20:28:33.822559Z
M3,202,saturated,M3,false,1308.000,1.405,3.773,10.643,37132.401,37368.981,37389.442,48226,74826,10452992,4382720,49920,18,2026-08-02T20:28:33.822559Z
M3,203,saturated,M3,false,1345.000,1.421,2.316,15.990,37164.732,37396.878,37424.540,50854,76145,10674176,4497408,49920,2,2026-08-02T20:28:33.822559Z
M3,204,saturated,M3,false,1364.000,1.482,2.321,10.007,37153.305,37369.096,37398.807,53677,77490,10944512,4636672,49920,2,2026-08-02T20:28:33.822559Z
M3,205,saturated,M3,false,1361.000,1.559,2.292,2.792,37156.588,37369.031,37389.785,56352,78854,11190272,4767744,49920,1,2026-08-02T20:28:33.822559Z
M3,206,saturated,M3,false,1341.000,1.655,2.303,2.644,37139.320,37358.092,37388.768,59079,80215,11419648,4898816,49939,16,2026-08-02T20:28:33.822559Z
M3,207,saturated,M3,false,1321.000,1.614,2.848,6.511,37148.641,37375.510,37400.408,61776,81575,11698176,5029888,49940,21,2026-08-02T20:28:33.822559Z
M3,208,saturated,M3,false,1341.000,1.681,2.356,2.597,37163.671,37382.572,37403.130,64423,82897,11927552,5160960,49940,0,2026-08-02T20:28:33.822559Z
M3,209,saturated,M3,false,1362.000,1.637,2.637,3.467,37169.936,37392.638,37411.611,67141,84238,12197888,5275648,49941,40,2026-08-02T20:28:33.822559Z
M3,210,saturated,M3,false,1342.000,1.699,2.490,4.378,37158.206,37378.364,37399.334,69728,85600,12468224,5398528,49960,0,2026-08-02T20:28:33.822559Z
M3,211,saturated,M3,false,1299.000,1.486,3.341,15.394,37153.240,37401.312,37429.629,72426,86962,12681216,5529600,49940,18,2026-08-02T20:28:33.822559Z
M3,212,saturated,M3,false,1308.000,1.607,2.636,6.471,37177.297,37405.132,37431.939,75055,88246,12951552,5644288,49960,20,2026-08-02T20:28:33.822559Z
M3,213,saturated,M3,false,1320.000,1.424,3.245,17.516,37230.120,37456.861,37483.975,77631,89569,13148160,5750784,49979,1,2026-08-02T20:28:33.822559Z
M3,214,saturated,M3,false,1340.000,1.582,2.355,4.117,37214.768,37438.731,37469.431,80367,90908,13426688,5881856,49960,21,2026-08-02T20:28:33.822559Z
M3,215,saturated,M3,false,1340.000,1.562,2.159,2.499,37254.443,37480.461,37494.761,83045,92229,13656064,6004736,49980,0,2026-08-02T20:28:33.822559Z
M3,216,saturated,M3,false,1322.000,1.684,2.464,4.372,37255.934,37481.031,37511.148,85737,93589,13910016,6127616,49960,22,2026-08-02T20:28:33.822559Z
M3,217,saturated,M3,false,1360.000,1.671,2.359,2.727,37174.708,37403.451,37424.482,88400,94891,14139392,6242304,49978,6,2026-08-02T20:28:33.822559Z
M3,218,saturated,M3,false,1342.000,1.743,2.393,2.750,37172.850,37387.790,37412.900,91179,96269,14409728,6365184,49575,0,2026-08-02T20:28:33.822559Z
M3,219,saturated,M3,false,1380.000,1.610,2.455,2.783,37143.092,37365.675,37387.086,93887,97613,14639104,6496256,49555,0,2026-08-02T20:28:33.822559Z
M3,220,saturated,M3,false,1320.000,1.707,2.469,3.154,37131.183,37359.752,37380.331,96593,98993,14901248,6610944,49320,13,2026-08-02T20:28:33.822559Z
M3,221,saturated,M3,false,1325.000,1.507,3.155,7.384,37094.571,37341.580,37357.944,99310,100313,15147008,6733824,49356,0,2026-08-02T20:28:33.822559Z
M3,222,saturated,M3,false,1361.000,1.483,2.362,11.481,37103.442,37336.631,37353.370,101993,101658,15384576,6856704,49339,21,2026-08-02T20:28:33.822559Z
M3,223,saturated,M3,false,1300.000,1.508,2.251,9.104,37144.659,37383.102,37400.718,104600,103000,15654912,6963200,49320,17,2026-08-02T20:28:33.822559Z
M3,224,saturated,M3,false,1342.000,1.664,2.279,2.916,37153.490,37371.734,37397.031,107311,104299,15876096,7094272,49328,0,2026-08-02T20:28:33.822559Z
M3,225,saturated,M3,false,1343.000,1.666,2.438,3.308,37151.391,37375.151,37391.248,109085,104299,16015360,7151616,49320,21,2026-08-02T20:28:33.822559Z
M3,226,saturated,M3,false,1380.000,1.532,2.168,2.884,37141.626,37355.445,37383.680,111780,105661,16269312,7274496,49320,0,2026-08-02T20:28:33.822559Z
M3,227,saturated,M3,false,1389.000,1.638,2.408,2.821,37128.946,37351.956,37396.144,114526,107004,16531456,7397376,49291,0,2026-08-02T20:28:33.822559Z
M3,228,saturated,M3,false,1300.000,1.591,2.442,9.799,37119.492,37339.409,37365.750,117279,108384,16760832,7512064,49342,18,2026-08-02T20:28:33.822559Z
M3,229,saturated,M3,false,1360.000,1.706,2.367,2.802,37084.039,37314.026,37331.425,119974,109793,17047552,7626752,49343,0,2026-08-02T20:28:33.822559Z
M3,230,saturat